{
    "CellSize": {
        "min": 55.5978520502242,
        "max": 84.13212697750119
    },
    "CellShape": {
        "min": 0.3960214986518083,
        "max": 0.5915659875001882
    },
    "NucleusDensity": {
        "min": 1.1989697448652938,
        "max": 1.695327001431118
    },
    "ChromatinTexture": {
        "min": 17.707281053558162,
        "max": 25.93751973151238
    },
    "CytoplasmSize": {
        "min": 18.79484596948056,
        "max": 37.61435401387863
    },
    "CellAdhesion": {
        "min": 0.3691009844069847,
        "max": 0.5524344512467649
    },
    "MitosisRate": {
        "min": 1.6651745537441591,
        "max": 4.620038651957829
    },
    "NuclearMembrane": {
        "min": 1.7159244864788263,
        "max": 3.1438117876393785
    },
    "GrowthFactor": {
        "min": 47.89551556315331,
        "max": 73.50333405019444
    },
    "OxygenSaturation": {
        "min": 75.58290628846228,
        "max": 85.58844689400391
    },
    "Vascularization": {
        "min": 3.827659509033452,
        "max": 6.733823628004586
    },
    "InflammationMarkers": {
        "min": 29.23060455835509,
        "max": 55.796009931469214
    }
}